year,afghanistan,albania,algeria,american_samoa,angola,antigua_and_barbuda,argentina,australia,austria,bahamas,bahrain,bangladesh,barbados,belize,benin,bermuda,bhutan,bolivia_plurinational_state_of,botswana,brazil,brunei_darussalam,bulgaria,burkina_faso,burundi,cabo_verde,cambodia,cameroon,canada,central_african_republic,chad,chile,china,china_hong_kong_sar,china_macao_sar,china_taiwan_province_of,colombia,comoros,congo,cook_islands,costa_rica,cote_d_ivoire,cuba,cyprus,democratic_peoples_republic_of_korea,democratic_republic_of_the_congo,denmark,dominica,dominican_republic,ecuador,egypt,el_salvador,equatorial_guinea,eswatini,falkland_islands_malvinas,fiji,finland,france,french_guiana,french_polynesia,gabon,gambia,germany,ghana,greece,grenada,guadeloupe,guam,guatemala,guinea,guinea_bissau,guyana,haiti,honduras,hungary,iceland,india,indonesia,iran_islamic_republic_of,iraq,ireland,italy,jamaica,japan,jordan,kenya,kiribati,kuwait,lao_peoples_democratic_republic,lebanon,lesotho,liberia,libya,madagascar,malawi,malaysia,mali,malta,martinique,mauritania,mauritius,mexico,mongolia,montserrat,morocco,mozambique,myanmar,namibia,nauru,nepal,netherlands,netherlands_antilles_former,new_caledonia,new_zealand,nicaragua,niger,nigeria,niue,norway,oman,pakistan,panama,papua_new_guinea,paraguay,peru,philippines,poland,portugal,puerto_rico,qatar,republic_of_korea,reunion,romania,rwanda,saint_kitts_and_nevis,saint_lucia,saint_vincent_and_the_grenadines,samoa,sao_tome_and_principe,saudi_arabia,senegal,seychelles,sierra_leone,singapore,solomon_islands,somalia,south_africa,spain,sri_lanka,suriname,sweden,switzerland,syrian_arab_republic,thailand,timor_leste,togo,tokelau,tonga,trinidad_and_tobago,tunisia,turkey,tuvalu,uganda,united_arab_emirates,united_kingdom,united_republic_of_tanzania,united_states_of_america,united_states_virgin_islands,uruguay,vanuatu,venezuela_bolivarian_republic_of,viet_nam,wallis_and_futuna_islands,yemen,zambia,zimbabwe,czechia,slovakia,eritrea,ethiopia,montenegro,serbia,bosnia_and_herzegovina,croatia,north_macedonia,slovenia,israel,palestine,sudan,south_sudan,micronesia_federated_states_of,armenia,azerbaijan,belarus,estonia,georgia,kazakhstan,kyrgyzstan,latvia,lithuania,republic_of_moldova,russian_federation,tajikistan,turkmenistan,ukraine,uzbekistan,belgium,luxembourg
1961,7000,1568,14140,64,3400,50,23523,36324,12100,660,150,16000,192,160,5000,120,73,6000,213,122770,270,31700,8409,1650,41,3300,3500,131992,714,2000,18000,480190,17700,1660,15830,21199,185,970,50,1424,4500,20000,1500,15000,6900,63750,65,19000,3750,51000,2813,70,290,2,150,5416,316000,140,20,270,250,139931,6150,8170,214,340,136,4143,1000,205,1650,2350,2600,96200,250,76665,65000,27500,3900,8750,205000,2945,103000,1335,8060,110,2500,5295,5929,571,1286,381,16000,2840,19000,10050,792,770,1800,394,90000,100,40,32180,4100,13321,220,2,4400,69416,250,164,4400,2000,4700,37500,10,2752,300,12100,3874,1300,5300,16680,75000,37200,14400,7773,44,16000,1600,55000,370,70,98,60,425,32,3000,1360,45,1900,10000,112,1400,23000,79800,6300,2750,15833,4250,2965,79000,650,1200,2,54,5420,6600,50000,14,8170,63,196000,7045,2264086,28,7300,96,30589,38000,18,1747,3800,3000,29376.666666666668,8393.333333333332,5005.4236252545825,54937.57637474542,967.4696026004752,26787.525996708453,5263.878475731004,14356.032206539101,2672.614662450696,23352.47905597027,31519.823788546255,6280.176211453745,2461.538461538462,5538.461538461538,100,2314.4983200252377,7661.787542152512,29689.426725840985,2765.9053027170567,2553.9291807175036,40224.38459630069,5586.72008281954,5912.026812213431,7981.028689742199,9805.491848217267,387790.2030058837,1915.446885538128,1755.826311743284,109846.09026839779,9577.23442769064,67414.51058440383,85.48941559616428
1962,7500,1615,15460,64,3500,66,27702,36550,20400,700,160,20000,220,180,5000,120,76,6000,244,130074,400,30400,8084,1800,42,3500,3700,130014,800,2000,18200,496500,18600,1800,16100,21311,185,970,50,1591,4800,22000,1600,15000,7000,70000,70,20000,3938,51000,2943,80,300,2,160,5416,329000,130,25,270,238,141031,6150,12430,215,340,108,4337,1000,205,1750,2400,2700,97000,250,76665,66000,27500,4100,8400,244000,3370,120000,1665,8570,115,2600,6050,9750,590,1276,453,16320,3040,20000,10545,875,770,1850,401,100000,140,40,31600,4300,14500,350,2,4500,82010,255,167,5800,2400,4850,40700,11,2942,325,12700,3571,1360,5384,17300,61000,40400,24000,8820,44,15000,1600,59200,400,72,100,65,438,34,3100,2785,45,2000,10500,114,1460,27000,112100,6400,2750,14166,4830,3760,82000,690,1150,2,70,5830,6700,50200,14,8400,64,205000,7300,2291133,28,7680,100,32868,40000,18,1753,3900,3100,28420,8120,5131.346232179226,56319.653767820775,954.288817823902,26422.573326453567,5192.16351012159,14160.445936695243,2636.203018548098,23034.325390357597,38331.60792951542,7637.392070484582,2461.538461538462,5538.461538461538,105,2340.145883678976,7746.689821833853,30018.42305960618,2796.5550256820206,2582.229940611284,40670.12156462773,5648.627995087184,5977.539533772546,8069.468564410263,9914.14907823445,392087.40807613026,1936.6724554584632,1775.2830841702578,111063.32363940422,9683.362277292315,77301.97213678306,98.02786321693505
1963,7700,1769,16470,64,3600,68,34182,37341,22200,800,160,25000,275,200,5000,140,80,6300,277,157972,450,30300,8087,1950,43,3250,4200,144128,850,2000,20000,507666,19400,1880,16386,21424,190,990,51,1778,4850,25000,1700,15000,7200,64667,77,21000,4351,51000,3083,80,310,2,170,5750,355000,140,30,270,244,153330,6450,13890,216,340,97,4582,1050,206,1800,2450,3000,111000,250,76665,67000,29000,4500,9550,285000,3950,137000,2335,8970,118,2850,6015,10062,610,1338,530,16480,3240,24000,11000,917,800,1900,400,105000,160,40,31870,4500,16500,430,2,4600,87333,260,170,4800,2700,5000,44000,12,2739,350,13300,3609,1370,5518,18295,69000,36500,31500,9200,46,16500,1800,63300,430,75,110,70,450,36,3300,2700,45,2150,12300,116,1500,30000,159000,10600,2750,15833,7000,4660,90000,720,1400,2,66,6260,6800,50900,14,8670,65,204000,7600,2353580,29,7600,102,36506,49000,18,1760,4100,3200,29672.222222222223,8477.777777777777,5067.048879837067,55613.951120162936,974.7190342275906,26988.24996534864,5303.321706816181,14463.604654953222,2692.641066597125,23527.46357205724,38691.00062932662,7708.99937067338,3076.923076923077,6923.076923076923,100,2283.188307253142,7558.140603320745,29287.79483786789,2728.488757798789,2519.3802011069147,39680.23816743391,5511.144189921376,5832.050243037369,7873.063128459109,9672.845359624862,382544.26434869965,1889.5351508301862,1732.073888261004,108360.11706223412,9447.675754150932,77927.17930161027,98.82069838972318
1964,8000,1923,18100,64,3700,69,48997,43650,26600,900,160,30000,300,220,5100,160,83,6300,307,166577,450,33400,7892,2170,44,3900,5720,155267,900,2000,22000,519488,20300,2200,16988,21537,193,990,52,1997,5200,27000,1900,16250,7400,75083,82,22000,4618,50000,3238,80,320,2,190,5666,382000,130,50,270,270,174646,7350,17530,218,340,87,4829,1100,227,2300,2500,3900,116000,250,77780,68500,30000,5400,10500,342000,4540,135000,2935,9690,122,3000,7650,11843,628,1442,622,16640,3348,27000,11500,1000,1020,1950,390,110000,160,40,34200,4750,17524,520,2,4700,106331,270,175,5500,3000,5500,47000,13,2817,375,14000,4092,1375,5655,19774,74000,43300,36400,9643,48,18000,1800,67500,455,78,130,75,463,38,3600,2990,50,2305,12700,119,1500,35000,182350,11000,2850,15666,8750,5200,99000,800,1600,3,72,7840,7000,51700,14,8920,68,217000,7900,2421434,30,7755,105,44620,43000,18,1767,4700,3400,32845.555555555555,9384.444444444443,5194.641547861506,57014.35845213849,1050.5085466928865,29086.72781931422,5715.682759070313,15588.2257065554,2902.0080190370636,25356.84714933012,43027.06104468219,8572.93895531781,3692.3076923076924,8307.692307692307,110,1725.1965075310445,5710.995335275182,22130.106924191332,2061.6693160343407,1903.665111758394,29982.725510194705,4164.267431971487,4406.7467755817115,5948.953474244981,7308.8842384573845,289053.7003600894,1427.7488338187954,1308.7697643338959,81877.82624742338,7138.744169093978,81778.29563958748,103.70436041252034
1965,8500,2446,19940,64,3800,68,78997,53447,22300,1100,160,37000,250,245,5200,170,87,6500,338,214370,665,37000,7164,2320,46,4700,6200,162538,950,2080,24000,544137,21600,2800,19737,21649,195,960,54,2251,5300,30000,2700,16250,7700,65083,89,23000,5326,51000,3401,82,330,3,200,5750,399000,130,60,270,300,181969,8400,21970,219,330,99,5084,1150,228,2500,2550,4200,106000,250,78890,69000,30000,5800,11300,408000,4775,155000,4000,10480,125,3300,8425,13840,648,1532,805,16800,3548,32000,12000,1000,1020,2000,385,120000,180,42,33325,5000,18483,670,2,4800,125541,280,182,6700,3500,6000,49500,13,3580,400,14600,4695,1420,6296,28760,81000,47500,38800,8658,48,18900,2000,72100,480,81,140,82,463,40,4000,2885,50,2482,12600,122,1600,40000,204750,11000,2850,16833,10300,7500,108000,800,1700,3,80,8790,7150,54900,14,9190,70,228000,8700,2581700,35,8160,108,45631,48000,18,1773,5300,3500,31842.222222222223,9097.777777777777,5319.478615071283,58384.52138492872,1157.2729033831297,32042.84444837877,6296.573980506569,17172.474492290643,3196.9423346481076,27933.891840792778,42776.90371302706,8523.09628697294,3938.4615384615386,8861.538461538461,115,1981.4130777688954,6559.16053330393,25416.74706655273,2367.856952522719,2186.386844434643,34435.59279984563,4782.721222200782,5061.212246510645,6832.45888885826,8394.358990851259,331982.344950734,1639.7901333259824,1503.1409555488171,94037.86467091179,8198.950666629913,87646.85362764611,111.14637235389904
1966,9000,2988,21570,56,4250,69,68992,57152,26400,1350,180,45000,220,265,5300,180,91,8600,369,230000,950,40400,7700,2470,47,4700,7300,179538,980,2200,32727,557566,22700,3095,21771,21762,195,960,56,2296,5500,34000,2900,15900,7000,59527,95,24000,5350,52000,3580,90,340,4,230,5833,280000,130,120,268,330,203846,8850,29900,220,320,87,5386,1200,259,2800,2600,4680,121000,250,80000,70000,30000,7000,13500,420000,6190,180000,4535,10900,130,3500,10110,17226,580,1541,1025,16960,3796,35000,11500,1104,1060,2100,380,125000,180,39,34375,8300,22488,750,2,4800,152500,330,200,7350,3700,6500,52000,16,3752,425,15300,5063,1440,6094,30602,88500,58800,39000,8996,50,18700,2300,73800,310,84,140,105,475,43,4500,3840,55,2664,12700,124,1710,47000,265350,12000,2950,18000,11300,7400,118000,800,2000,3,92,9600,7150,55900,14,9480,76,246000,9500,2457700,36,8100,112,46683,45000,18,1780,6800,3600,34175.555555555555,9764.444444444443,5445.2342158859465,59764.76578411405,1221.8587487883385,33831.1125326277,6647.977311992699,18130.84721452554,3375.3593897708383,29492.84480229488,48864.06544996853,9735.934550031467,3723.0769230769233,8376.923076923076,125,2120.938784802941,7021.038735899391,27206.525101610143,2534.5949836596806,2340.346245299797,36860.4533634718,5119.507411593306,5417.609014588367,7313.582016561866,8985.466865547909,355359.6366027245,1755.2596839748478,1608.9880436436106,100659.75472674759,8776.29841987424,90446.30360050661,114.69639949339606
1967,9500,3108,23018,48,4550,70,73992,71845,26850,1500,180,50000,290,335,5500,180,96,9500,401,260000,900,51700,8500,2700,48,4600,8220,187079,1000,2350,38182,580660,23500,2600,24560,21875,200,1100,58,2352,5600,35000,3500,16500,8000,57640,101,25000,5818,53000,3772,90,350,5,260,6083,289000,140,260,280,359,230823,9400,37180,222,330,153,5688,1200,262,2800,3000,4780,121000,250,82220,72250,42857,10000,13600,405000,8390,217000,4105,11780,133,4000,11575,14980,720,1601,1321,17120,3985,39000,11800,1139,1130,2200,390,130000,200,41,35000,10600,33207,820,3,5000,171670,340,220,7500,3800,7000,54000,16,4339,450,16200,4957,1420,6399,34389,87000,59500,39200,9266,60,23960,1800,77700,540,87,155,112,475,45,5000,4040,55,2784,14300,128,1820,55000,304150,12000,3050,23000,12100,9000,128000,800,2100,3,140,10420,8670,60000,14,9820,85,268000,9800,2937720,42,7935,114,51753,46000,18,1787,7470,3700,39122.222222222226,11177.777777777777,5571.24032586558,61147.75967413442,1285.0474310072307,35580.695633829615,6991.77885712423,19068.48779215699,3549.9168106398934,31018.07347524204,53116.740088105726,10583.259911894274,3753.8461538461543,8446.153846153846,130,2175.009622462554,7200.031853669145,27900.123432967936,2599.211499174561,2400.010617889715,37800.16723176301,5250.023226633751,5555.724579087453,7500.033180905359,9214.540766060325,364419.1122270105,1800.0079634172862,1650.007299799179,103225.95668207282,9000.03981708643,93805.04432784513,118.95567215487605
1968,10000,3236,24520,40,4918,72,80980,81764,27200,2200,200,55000,375,400,5800,190,100,10500,424,280000,1000,58200,8200,2920,51,5350,8820,188578,1000,2500,42727,593173,23000,2600,27573,21987,205,1050,60,2396,5700,36000,4300,17200,10000,47024,107,26000,5828,54000,3974,90,360,6,300,5750,291000,140,250,295,360,239562,9800,35520,250,315,132,5999,1200,290,3800,3100,4850,115000,250,84445,68125,48857,13000,16600,406700,8420,243000,4320,12140,140,4500,12000,16538,758,1678,1782,17800,4119,43000,12500,1970,1400,2300,400,135000,100,39,36100,11800,33015,900,3,5000,183330,320,225,7700,4000,7300,57000,17,5251,475,16700,5190,1425,6400,36137,109000,64800,39500,9479,80,33696,2000,82000,420,90,170,120,475,47,5500,4260,60,2838,16500,131,1930,63000,295750,13400,3100,25579,12500,8000,140000,800,2150,3,170,11220,9500,66667,14,10100,102,304133,10600,2934729,47,9500,120,54490,48000,18,1793,7300,3800,46970,13420,5761.710794297352,63238.28920570265,1412.0179307599606,39096.28470639491,7682.609120839717,20952.570329562866,3900.6701763536203,34082.84773608893,53200.1258653241,10599.874134675898,3784.6153846153848,8515.384615384615,135,2325.897237204677,7699.521888677552,29835.647318625513,2779.5274018125965,2566.5072962258505,40422.48991555715,5614.234710494048,5941.143577350816,8020.335300705783,9853.783950447127,389700.0719259933,1924.880472169388,1764.4737661552724,110387.08287773399,9624.40236084694,88857.31861769495,112.68138230504795
1969,12000,3444,25840,34,5438,75,86005,81199,28676,3000,200,60000,460,465,6100,200,105,11500,345,290909,1100,65300,9000,3000,52,5750,10020,215686,1050,2650,49091,619076,23605,2600,28871,22100,210,1060,62,2479,5750,38000,5700,17500,12500,51133,113,27000,6350,56001,4205,120,370,5,360,6333,355250,130,230,310,363,256292,10150,48040,250,305,113,6398,1250,286,5000,3250,4950,138000,250,87780,69375,55070,15000,17600,413000,10395,292000,9513,15030,145,5000,11600,17463,800,1715,1973,19000,6880,47000,13500,1885,1660,2400,600,140000,100,41,36700,13200,34210,980,3,5100,204170,360,238,9400,3700,7500,60000,18,5924,500,17100,6614,1455,6360,39570,109000,70500,48064,9588,100,42251,2100,96600,604,93,180,128,488,49,6000,4585,60,2872,19000,135,2050,70000,308050,13400,3200,26647,12900,8500,151000,800,2150,3,120,11000,10320,74000,14,10560,128,318333,11100,3097260,48,10710,126,58170,48000,18,1800,9300,3900,48175.555555555555,13764.444444444443,6012.219959266802,65987.7800407332,1666.1039188979628,46131.4773308983,9065.058512892396,24722.886853342894,4602.577435864003,40215.895948104444,47946.82190056639,9553.178099433606,3816,8586,140,2465.385934767361,8161.2775771609195,31624.950611498563,2946.221205355092,2720.4258590536397,42846.70728009483,5950.931566679837,6297.445810476794,8501.330809542624,10444.735032604069,413071.16270486655,2040.3193942902299,1870.2927780993773,117007.21646405896,10201.59697145115,90104.73674687896,114.26325312104215
1970,12000,3498,27060,32,6414,80,112715,91325,31382,3300,200,66186,470,600,6700,150,111,12800,430,332727,1199,77300,9100,3150,53,5850,10010,238995,1070,2800,50636,631118,24428,2046,29644,22213,215,1080,65,2492,6300,40000,5900,18200,15229,57389,118,28000,7583,58778,4430,120,380,8,420,7166,375926,150,620,330,367,288262,10900,59440,265,330,100,6778,1200,292,5500,3400,5080,140000,300,90000,70375,62000,18000,17700,432000,12075,354000,9794,15330,150,5200,11015,18260,840,1821,1885,20400,7441,50000,14400,1984,1500,2500,725,150000,100,42,39000,15800,39145,1050,3,5200,243330,450,240,11350,4200,7761,63000,19,6874,525,17200,7230,1520,6500,44116,93200,73800,51410,10453,120,45177,2100,100000,520,96,210,130,488,52,6500,4750,65,2918,21500,139,2260,74792,349250,14400,3300,26009,13500,8000,165000,850,2270,4,100,11503,11000,81100,14,11040,145,329867,11800,3240920,54,12300,132,63847,48500,18,1812,9900,4000,61358.88888888889,17531.11111111111,6262.729124236252,68737.27087576374,2298.3861646301807,63638.25692302507,12505.225413175995,34105.16021775272,6349.243993871631,55477.72728754442,51198.86721208307,10201.13278791693,3876.923076923077,8723.076923076922,145,3049.0252981431963,10093.325124887824,39111.63485894031,3643.690370084504,3364.4417082959408,52989.95690566107,7359.71623689737,7788.261999491566,10513.880338424815,12917.35338378873,510858.9317637234,2523.331281221956,2313.0536744534593,144706.74064987613,12616.65640610978,97629.19486158856,123.80513841143477
1971,12000,3898,28500,34,6750,81,128800,111488,34677,3400,500,60000,614,665,7400,165,117,15000,238,333636,1800,92500,9200,3300,54,5925,10000,222997,1100,3000,41000,668075,27432,2238,33405,27827,222,1230,68,2599,6500,42400,6300,19000,15554,58122,123,30000,8667,60963,4290,120,410,7,460,7000,384776,160,310,340,372,312846,11000,74440,280,340,91,7500,1150,308,6000,3600,5150,126000,330,92220,84000,69785,20000,19300,418000,16560,388000,12963,17940,157,4500,10020,19234,900,1921,2730,22586,7200,51000,15300,2471,1750,2600,761,160000,130,42,39000,16600,40067,1130,3,5400,265830,430,250,14400,4400,7862,67000,19,7943,550,17500,8772,1655,7000,48438,102000,81200,61256,11466,140,49997,2100,120800,550,99,215,140,488,55,7000,5060,56,3000,24690,142,2400,77600,334250,16400,3300,27824,14600,11000,157000,850,2360,4,135,11595,12100,88603,14,11420,230,334000,13200,3228760,69,14700,140,66333,49000,18,1840,8700,4100,66647.77777777778,19042.222222222223,6513.238289205702,71486.7617107943,1912.6109557894354,52956.82217000513,10406.27179971966,28380.74127196271,5283.548000130391,46166.005802392676,54033.98363750787,10766.016362492133,3938.4615384615386,8861.538461538461,150,3367.8618939252397,11148.784200580105,43201.53877724791,4024.7110964094177,3716.261400193368,58531.11705304555,8129.321812922993,8602.680608772622,11613.316875604276,14268.121113367413,564279.4536687362,2787.196050145026,2554.9297126329407,159838.7254856919,13935.980250725132,100501.55237922924,127.44762077076172
1972,12000,4000,30000,35,6900,84,124000,122099,35296,3900,640,55000,1250,755,8000,160,124,16000,492,383636,1400,89800,9200,3450,55,6150,9930,234172,1150,3000,55545,720247,28264,2300,44683,31366,230,1230,70,2596,7000,42900,6600,20000,15877,62001,129,31000,9438,65301,4300,130,399,7,400,8250,422484,185,260,355,375,311462,11350,83720,300,320,113,9000,1300,366,7000,3800,5300,157000,375,93330,91750,78570,24000,24400,445000,13470,441171,15865,18500,165,5366,8025,20164,900,2000,4500,18056,7500,52500,13900,2202,1800,2700,821,168392,130,43,47000,16800,40131,1200,3,5500,273330,440,300,14950,5700,7964,70000,20,8223,600,17500,8418,1685,7300,53926,110000,95800,70000,11621,160,54266,2120,158300,550,102,270,150,500,58,7500,5465,90,3200,25570,147,2600,90518,385250,16400,3500,32256,16130,12500,158000,850,2470,4,50,10884,14000,100847,14,11610,205,375532,14700,3340512,84,17000,155,78173,60000,18,1867,13500,4200,71073.33333333333,20306.666666666664,6638.492871690427,72861.50712830957,2027.204698636963,56129.720685201086,11029.761710727907,30081.168301985203,5600.110832219579,48932.03377122926,59870.988042794204,11929.01195720579,3987.692307692308,8972.307692307691,155,3521.5992379622226,11657.707822219772,45173.61781110162,4208.432523821338,3885.9026074065905,61202.966066653804,8500.411953701916,8995.378798320331,12143.445648145596,14919.43732331168,590037.8805977463,2914.426955554943,2671.558042592031,167135.0998336871,14572.134777774716,99179.22923828478,125.77076171521621
1973,12500,4400,32000,36,7050,87,124300,121151,38804,3575,880,50992,2000,695,8800,140,134,17000,474,461818,2100,94400,9400,3600,60,6300,10500,250072,1190,3000,46200,747639,26084,2600,48955,38933,238,1400,72,2735,7700,47300,6400,21500,16211,65514,135,32000,9080,62926,4300,130,443,7,770,7874,429658,205,300,500,378,351731,11700,93440,350,315,120,10000,1400,454,8000,4000,5350,182000,450,94440,94500,78570,27000,24300,493000,17740,487462,18000,20160,170,5280,6120,18500,920,2150,8500,21053,8000,57500,12400,2947,1800,2700,900,178346,120,44,43750,17600,39499,1280,3,5600,282500,450,320,16500,6250,8067,73500,21,9051,650,20099,8382,1675,9500,57296,117000,113200,79727,11100,180,51801,2145,174100,630,105,350,160,500,65,8105,5800,120,3500,24602,151,2800,108630,437750,16600,4160,34990,17050,10359,200000,850,2350,4,50,10532,16500,108431,14,12500,245,373334,15500,3252090,86,20000,170,86358,62000,18,1900,13000,4800,74130,21180,6638.492871690427,72861.50712830957,2230.1887841961907,61749.991807126295,12134.172181112886,33093.196857580595,6160.850148319588,53831.60022166444,60454.68848332284,12045.311516677157,4027.692307692308,9062.307692307691,165,3686.698489707283,12204.243276272386,47291.442695555495,4405.731822734331,4068.081092090795,64072.27720043003,8898.927388948614,9417.09921805368,12712.753412783735,15618.888842946099,617699.9755737489,3051.0608190680964,2796.8057508124216,174970.71032150768,15255.304095340483,100264.85254206622,127.14745793377962
1974,12500,4900,34000,30,7150,90,182506,147659,36895,4070,980,50992,2100,725,9600,110,142,17000,520,483636,1700,109400,9000,3750,65,6225,10800,242355,1250,3200,50730,787876,25661,2200,50015,45646,245,1200,72,2804,8500,45500,5000,23000,16558,69656,141,30000,10817,67340,4343,130,500,7,800,8205,445915,190,340,720,390,313831,11100,92440,320,310,130,11000,1500,403,8500,4200,5400,211000,430,95550,103000,83570,29000,23000,507000,19000,514259,19000,21190,174,5277,5685,20600,920,2260,7100,20800,8400,63000,13300,2342,1800,2700,2000,191805,140,44,45000,16100,38355,1350,3,5700,261670,500,340,22300,8100,8400,76500,21,10358,720,23307,9312,1795,9800,67253,122000,130900,84824,11481,200,53269,2428,198300,640,108,380,160,500,70,11813,6155,170,3700,25511,156,2990,122580,443000,17000,4700,38380,17600,12500,172000,850,2700,4,60,11162,16500,123443,14,12250,371,369041,16500,3248440,86,18000,174,97688,64000,18,1933,16100,5200,77390.44444444445,22111.555555555555,6554.98981670061,71945.01018329938,2573.5877699802536,71258.10372527679,14002.562180134955,38188.805945822605,7109.482706913975,62120.45767187144,68334.6444304594,13615.355569540592,4123.076923076923,9276.923076923076,170,4042.5778653753678,13382.326726759838,51856.516066194374,4831.019948360302,4460.775575586613,70257.21531548916,9757.946571595716,10326.137860536059,13939.923673708165,17126.59022551785,677326.951381806,3345.5816816899596,3066.783208215796,191860.74549071497,16727.9084084498,100569.46625655872,127.53374344128822
1975,13000,5500,36000,28,7200,91,175800,142775,37672,3760,1500,50992,2400,725,10500,100,159,23000,600,485455,2430,109412,9500,3900,70,6150,10200,226342,1400,3400,39820,814686,26155,2487,56044,49429,255,1500,74,2882,10600,41300,4500,24500,16862,64444,145,36000,10817,70072,5912,140,550,7,820,10530,466463,310,370,1000,420,358200,11200,103870,300,300,150,12000,1600,363,9000,4400,6600,213500,447,97800,109000,82140,29000,21200,485000,20000,505243,21000,21880,179,5523,4830,18500,920,2390,9200,21400,8800,78000,13900,2659,1800,2800,2400,206931,100,44,54000,16100,41207,1420,4,5800,250000,470,360,18200,9850,8690,82000,21,9317,800,27027,8708,1800,10000,83345,128000,153500,85900,11962,300,55594,2625,235000,660,110,350,240,500,75,14813,6450,235,4000,35455,160,3120,126770,460250,16000,4950,37910,16070,20000,193000,850,2800,4,123,15555,16500,144816,14,12460,358,353235,17700,3093753,88,15000,177,104412,50000,18,1967,20800,5500,80369.33333333333,22962.666666666664,6596.741344195519,72403.25865580449,2588.13935637359,71661.01147323816,14081.735502167749,38404.73318773022,7149.681161782443,62471.699318707826,67667.55821271239,13482.441787287604,4169.2307692307695,9380.76923076923,172,4341.50706651189,14371.885461556603,55691.05616353184,5188.250651621934,4790.628487185534,75452.39867317217,10479.499815718356,11089.706119273613,14970.714022454795,18393.019247987962,727412.023637056,3592.971365389151,3293.5570849400547,206047.92537665434,17964.856826945754,97749.04288040528,123.95711959471684
1976,13000,6000,38000,26,7250,93,169000,152036,41783,4320,1700,50992,2600,1000,11500,100,181,24200,700,549090,2600,111649,11300,4050,80,6000,11000,251734,1500,3600,34545,881562,29886,2900,64776,57484,265,2500,74,4922,13000,45200,4800,25500,17122,75186,150,37000,12639,74547,8277,140,600,7,1000,10952,489184,320,410,1350,450,371754,10500,108590,310,310,80,13000,1700,376,9400,4600,6220,252000,474,100000,114000,95715,29600,25600,482000,19712,545000,22000,22430,183,5200,4070,7200,930,2470,15180,22000,9300,80000,13500,2917,1900,2950,2533,220931,125,45,58000,16200,43442,1500,3,5900,260830,480,380,22000,11200,9225,86000,21,8710,900,31341,10685,1925,10300,93217,133000,183700,99250,13014,400,60886,3670,252500,870,112,360,230,500,85,21813,7030,270,4350,38273,163,3250,143614,507450,16000,4620,39620,16520,17680,183000,850,2600,4,200,16152,19720,154743,14,13845,210,369715,18600,3432883,88,16000,181,119840,54000,18,2100,24600,5800,84528.11111111111,24150.888888888887,6721.995926680243,73778.00407331975,2948.3174811782305,81633.70814062312,16041.4186524106,43749.32359748346,8144.665743064837,71165.56638523976,74713.65638766519,14886.343612334802,4200,9450,174,4025.479489606209,13325.725206972278,51637.18517701758,4810.586799716993,4441.908402324092,69960.05733660446,9716.674630083953,10282.462712829984,13880.963757262789,17054.152072173063,674462.1480016417,3331.4313017430695,3053.8120265978137,191049.2565767107,16657.156508715347,103115.23792292383,130.76207707617152
1977,13500,6500,40000,24,7300,110,165500,163300,44246,4000,2000,41465,3000,1110,12300,100,203,27300,800,634545,2700,131614,10400,4200,100,6450,11200,259556,1650,3750,40210,936950,30038,2800,79112,62733,270,2600,75,4860,14300,48400,4800,27000,17300,78814,155,39200,15200,79544,12963,140,600,7,1350,12101,504420,405,480,1700,390,396708,13600,104020,300,320,80,13012,1800,387,10000,4700,7350,257800,500,100000,120000,116430,31000,23700,487000,21909,604686,23051,24510,187,6137,4095,10500,930,3160,11673,23000,10000,78000,13000,3368,2000,3100,3141,236555,140,46,68000,17400,42380,1580,3,6000,250000,490,400,24000,9500,9260,93000,23,9732,1000,36344,10348,2050,11000,88013,129600,218000,116932,13082,560,73052,4130,281600,895,115,310,180,500,90,23882,8780,240,4640,40545,166,3380,144000,536300,16400,4930,38200,17180,22100,206000,850,2750,4,100,19887,24750,146654,15,16920,530,404634,19500,3526947,89,16500,185,113690,55000,20,4800,23100,6000,90782.22222222222,25937.777777777777,6847.250509164969,75152.74949083503,3186.850143279876,88238.25661422574,17339.24438504417,47288.848322847734,8803.607262770154,76923.19327183232,75910.2422907489,15124.757709251102,4246.153846153847,9553.846153846154,177,4814.07730538378,15936.255907477343,61752.991641474706,5752.988382599321,5312.085302492447,83665.34351425605,11620.186599202229,12296.813464607203,16600.2665702889,20395.08750825694,806590.3523837673,3984.063976869336,3652.0586454635577,228476.10891351424,19920.319884346678,100225.9019359508,127.09806404921295
1978,14000,7000,42000,22,7350,100,170000,183580,46551,4200,1300,66817,3500,1150,13200,100,222,25500,900,780000,2300,144201,9500,4350,150,6000,11600,277434,1800,4000,53250,999534,30171,2900,91463,70788,275,2780,75,5100,17000,55700,5100,28000,16860,76727,155,47000,16720,81659,14923,150,625,8,1650,10979,535050,480,480,2300,375,422074,13400,106120,290,314,130,12152,1900,400,9300,4900,8500,255300,530,103500,130000,139290,42100,25000,508000,22588,658064,23895,25570,192,5388,4390,17000,930,3180,15548,23800,10500,83000,14300,3142,2000,3200,3400,254591,150,46,72400,18000,44434,1650,3,6100,248330,500,420,29200,7890,9470,103000,25,11391,1200,42144,12070,2200,12000,79088,120000,245600,101950,13938,660,82189,3470,296600,989,118,380,185,500,110,27882,8020,380,5000,40450,169,3510,150000,501500,14000,6160,40680,17610,29000,240000,850,3450,5,170,20341,29060,164810,15,15380,770,404519,20600,3707278,90,17000,190,123582,57000,24,4850,22200,6500,96404,27544,6930.753564154786,76069.24643584521,3394.3684188022453,93984.07145471864,18468.32480359879,50368.15855526942,9376.872184372658,81932.20458323826,82093.2976714915,16356.702328508496,4430.769230769231,9969.23076923077,178,5414.7669322160045,17924.745706646085,69458.38961325357,6470.833200099237,5974.915235548695,94104.91495989195,13070.127077762769,13831.181905890784,18671.61011108967,22939.94018248477,907234.8636877361,4481.186426661521,4107.754224439727,256984.8386029716,22405.932133307608,92722.4172245341,117.5827754658947
1979,15000,7500,44000,20,7400,100,187000,197000,48138,3900,2200,70158,4300,1250,14500,90,240,24800,950,996364,2600,143372,10000,4500,200,5400,12000,309331,1900,4200,71730,1033024,31513,2258,94253,78965,280,2730,76,7200,20000,57653,6100,29000,16354,74000,160,53600,17000,88000,16117,150,675,8,1950,12453,560000,405,690,2200,390,438330,12500,116120,300,490,135,14098,1950,420,9300,5700,8790,253700,580,112000,167500,149290,45700,28300,520000,24955,690676,25000,25980,195,7000,4630,38700,930,3300,19401,24200,11000,87000,13500,3838,1790,3300,5750,276497,150,46,72600,20000,50543,1730,3,6300,251670,510,450,27300,6660,9580,112000,25,12241,1400,48872,12790,2370,13000,78045,150000,275700,100500,17940,910,90165,5270,342500,1135,120,380,230,490,130,30882,8475,420,5500,40723,172,3640,155800,487350,16600,6440,42100,18595,35492,237000,850,2700,5,155,16092,32000,170626,15,15300,2260,414780,21600,4044336,92,17300,195,129999,62000,26,5800,22300,6500,100768.88888888889,28791.11111111111,7014.256619144602,76985.74338085539,3456.291745682586,95698.61909957607,18805.241712031817,51287.02285099586,9547.934087427062,83426.8905042866,91140.65449968533,18159.345500314663,4615.384615384615,10384.615384615385,180,5790.557403476746,19168.741749440265,74278.87427908102,6919.915771547935,6389.580583146754,100635.89418456139,13977.207525633525,14791.080352411842,19967.43932233361,24531.99595141907,970197.9092328676,4792.185437360066,4392.836650913394,274819.8543690064,23960.92718680033,97346.55328387914,123.44671612086123
1980,15000,7900,60000,18,7450,100,158000,231052,48601,7000,3300,52095,4400,1400,15600,90,260,24372,1050,1245455,3700,134975,11200,4650,250,3700,9600,304125,2000,4300,99640,1081763,34047,3031,104685,83359,290,3400,70,8620,21000,60000,6100,29500,15864,72080,165,66088,16700,94634,13176,150,640,8,2300,14088,610000,400,800,2200,415,455400,11600,124940,340,1230,140,30590,1950,457,9400,6000,9000,257100,649,125600,209750,150715,57800,29200,530300,22937,709095,26000,26900,200,6822,4615,43100,950,3160,20500,20000,11200,95000,13800,3807,1900,3400,5700,299208,150,46,67500,21200,55905,1800,4,6400,260830,520,460,27000,6450,9890,118000,25,13520,1600,62629,13905,3000,14000,93517,169000,291500,105949,19031,700,88820,5600,338000,1170,123,450,240,465,160,40820,9070,460,6000,42583,175,3770,171770,497200,17600,6470,43307,18698,40749,219000,900,2450,5,130,14087,33000,200136,15,15590,4200,410668,21300,4132164,92,17700,300,155915,72000,32,7500,24000,6600,102822.22222222222,29377.777777777777,7081.059063136456,77718.94093686354,3788.737499317316,104903.45534874476,20614.03657463246,56220.09974899762,10466.30856993839,91451.36225836947,81884.83322844555,16315.166771554437,5015.384615384615,11284.615384615385,182,6089.538417873175,20158.47200399396,78114.0790154766,7277.20839344182,6719.490667997987,105831.9780209683,14698.885836245596,15554.780960081838,20998.408337493707,25798.644483444772,1020291.6627104818,5039.61800099849,4619.649834248616,289009.49331226095,25198.09000499245,96310.86665460467,122.133345395332
1981,15500,8400,72000,19,7500,102,166000,230622,50209,6400,3100,55221,4800,1534,16000,100,280,23145,1250,1242500,5000,136702,11700,4800,300,4300,8200,309479,2200,4300,116200,1124546,41588,2288,115670,104850,350,4540,65,10129,23000,72303,6200,30000,16000,78936,170,64028,20640,112744,15984,160,800,8,2500,14100,735000,370,650,2150,430,453500,10600,126110,350,1120,113,30000,1950,482,9400,6500,9700,249700,701,133500,222375,152140,64600,29000,525400,21575,706957,26000,28320,210,6150,5500,43000,960,3490,27000,20100,11400,108000,15300,4030,1900,3700,5800,318054,150,47,65000,21900,67899,1880,4,6450,297500,530,475,28000,5965,10645,131000,25,13299,1800,67357,13897,3890,14500,104789,192000,301700,100560,20869,780,91328,5100,351660,1220,125,450,240,460,180,57820,9530,500,6500,43550,163,3900,181710,577550,17400,6000,44781,19798,66966,244000,900,2300,5,190,14535,33750,228413,20,15880,6800,412441,23100,4277884,92,19000,320,185281,83000,32,9350,18800,6900,101888.88888888889,29111.11111111111,7147.861507128309,78452.13849287169,3983.325424973867,110291.2516197176,21672.76461192424,59107.53985070248,11003.853668872445,96148.26482380937,92224.66960352422,18375.330396475772,5692.307692307692,12807.692307692307,184,6419.699911891934,21251.420397987094,82349.25404219999,7671.7627636733405,7083.806799329031,111569.95708943224,15495.827373532255,16398.12726459679,22136.896247903223,27197.390730173902,1075609.6517893698,5312.855099496774,4870.117174538709,304678.9578183912,26564.275497483868,94677.93739822689,120.0626017731138
1982,15500,8900,88000,20,7550,110,150000,213967,48235,6100,5000,58534,5500,1789,18000,100,290,19615,1450,1330000,5900,143541,13000,4950,325,7170,8300,305236,2250,4300,109180,1177069,42373,2343,122353,139890,370,4600,60,10053,22500,53128,6800,30500,16600,85091,175,60718,22900,136000,16440,170,800,8,2600,15000,805000,350,600,2200,450,465200,9000,136180,360,820,120,32100,1900,518,6400,7000,12000,314500,718,144500,235875,153570,154682,30800,524900,19550,732675,28500,28960,220,4850,5740,48300,1100,3530,26770,19500,11600,118000,17300,3130,1800,3800,6000,334387,150,48,68000,23000,75345,1950,4,6500,307500,660,488,28445,7978,10420,122000,25,11004,2000,73464,11960,3100,14800,113971,210000,117500,95502,20562,920,98950,5800,367900,1263,127,440,300,440,200,86820,10320,640,6900,43636,175,4000,195670,557500,17400,6200,41635,19950,70000,256000,900,2600,6,260,21463,41700,234839,20,17320,10100,440041,23800,4269947,93,19500,330,201150,97000,32,18200,18740,7700,101445.55555555556,28984.44444444444,7214.663951120162,79185.33604887984,4155.308304738594,115053.15406120331,22608.50148319588,61659.54949962513,11478.952798513545,100299.53385272354,100313.08999370673,19986.910006293267,5692.307692307692,12807.692307692307,187,6903.746787833124,22853.782470068272,88558.40707151455,8250.215471694646,7617.9274900227565,119982.35796785842,16664.21638442478,17634.549898466426,23806.023406321114,29248.080357006125,1156710.8712897366,5713.445617517068,5237.3251493906455,327651.82255056006,28567.22808758534,100740.24968337253,127.75031662746517
1983,15700,9000,100000,21,7600,115,166000,235038,51092,6100,3100,62046,5100,1929,23000,110,300,18234,1500,1316670,6275,146325,14700,4950,313,6900,10000,301120,2300,4400,79450,1234963,38348,1800,154815,157209,410,4680,55,15000,22000,62220,7350,32000,17200,84112,180,73702,25380,183000,18453,170,800,8,3300,16700,761000,300,610,2400,480,412500,8000,136110,370,685,110,34300,1950,570,3500,8000,13400,271400,1033,152000,316500,164290,112500,29900,510300,24002,797936,36000,32196,230,12600,6650,47700,1200,4080,30750,18500,11800,133000,19200,3257,1900,3800,6425,340876,150,49,74000,23700,80007,2030,4,6550,287500,540,480,31500,8900,10465,135000,23,11838,2200,89529,17888,3125,15000,115380,204550,117000,99935,18898,1270,112000,6000,394900,1253,128,460,330,430,200,124000,9450,460,6700,43636,170,4060,215220,530500,17600,6200,40743,20205,67000,286000,900,3100,6,180,18724,31250,196105,20,18520,8950,426318,21500,4310695,86,19400,350,184276,122000,32,27900,16973,8300,99866.66666666667,28533.333333333332,7281.466395112016,79918.53360488798,4387.487828577932,121481.79534774309,23871.76060240571,65104.80164292467,12120.34390585781,105903.8106724908,102981.43486469478,20518.565135305224,5846.153846153847,13153.846153846154,180,7390.421336241001,24464.843044108144,94801.26679591906,8831.80833892304,8154.947681369381,128440.42598156775,17838.94805299552,18877.684513909946,25484.211504279316,31309.90225415757,1238252.3527814278,6116.210761027036,5606.526530941449,350749.39661799796,30581.05380513518,99644.63904468971,126.36095531029491
1984,16000,9750,150000,22,7650,108,173000,224170,52633,7200,3100,61093,5400,1968,26000,120,320,17100,1850,1133000,5500,151519,14200,5100,411,8145,14400,317771,2400,4400,67550,1265344,40444,1900,155000,163429,420,4700,50,15200,22700,70595,7600,33000,17700,83820,180,84114,30480,212000,22805,170,800,8,3050,18131,728469,365,420,2800,525,415600,7500,136070,380,624,120,36700,1900,640,3600,8500,13330,274400,1050,166700,337000,167860,160046,31300,490800,24983,803860,39000,26300,240,13850,7195,46500,1250,4230,33500,18100,12000,150000,21550,3250,1400,3950,6200,310109,150,50,80000,24700,85530,2100,4,7000,300000,550,538,33200,8644,10690,128000,20,12083,2200,100631,19402,3385,15500,101008,166345,166500,81594,19870,1675,120000,6000,390000,1274,129,500,330,420,200,143000,10145,275,6600,42950,170,4100,225000,514550,18000,6300,39441,21131,72000,272000,850,3400,6,190,17420,35830,229182,20,18830,10400,449579,19100,4459000,82,21600,370,205856,130000,35,36000,13984,7800,101888.88888888889,29111.11111111111,7348.268839103869,80651.73116089613,4670.874701274256,129328.27775822308,25413.632363008117,69309.90644456759,12903.194249763666,112744.11448316328,106733.79483952171,21266.20516047829,5846.153846153847,13153.846153846154,182,7646.711925421576,25313.25327036108,98088.85642264919,9138.08443060035,8437.75109012036,132894.57966939567,18457.580509638286,19532.339054742366,26367.972156626125,32395.690591630857,1281193.3991183068,6328.31331759027,5800.953874457748,362912.94798050803,31641.56658795135,96983.01429346843,122.98570653157228
1985,16200,10000,160000,23,7660,130,189000,252000,51778,6300,3500,67312,5200,2002,30000,120,340,17097,2650,1242000,6400,141178,16000,5250,375,9600,13800,346563,2400,4600,66000,1315274,38388,2200,154686,184315,430,5000,45,14200,23200,73125,7600,34000,18300,86527,180,81086,36550,163600,24732,175,810,6,3000,19469,732541,340,620,2800,520,409800,7000,129650,390,820,100,39200,1850,720,2600,8500,17550,270000,1442,179000,385375,167860,189954,29900,474200,17602,725223,42308,34110,250,17160,6450,47000,1300,4850,34300,23200,12300,184000,25000,3330,1400,4200,6000,354191,150,50,100000,25300,86102,2180,4,6625,304100,450,566,39000,9100,10740,137000,21,13496,2300,113737,17834,3670,16000,105349,147992,180500,80535,23753,1862,145000,5400,401000,1368,131,500,330,410,200,177000,10810,338,7000,38000,172,4120,240000,522250,15600,7450,39694,22500,64000,300000,1000,3150,6,260,17581,37920,227758,25,20030,10500,465665,19500,4727800,82,19400,390,205023,136000,36,58250,16001,7977,102977.77777777778,29422.22222222222,7415.071283095723,81384.92871690428,4793.7196153919185,132729.6366449986,26082.015842487857,71132.77047951234,13242.55077093588,115709.3066466734,103398.36375078665,20601.63624921334,6000,13500,184,8016.251496969307,26536.556679622536,102829.15713353732,9579.696961343736,8845.51889320751,139316.92256801832,19349.57257889143,20476.270547913737,27642.24654127347,33961.26410060859,1343109.1171939368,6634.139169905634,6081.294239080164,380451.29604616336,33170.695849528165,110192.26343405103,139.73656594897773
1986,16400,10100,170000,24,7700,140,210000,265416,55017,7100,2575,71512,6100,2250,24000,130,360,17056,2900,1350000,6600,170525,18000,5400,488,11000,16000,371528,2700,4700,72500,1495050,56618,2515,155917,221750,440,5060,40,14150,26500,74769,8500,36000,20200,86276,185,82789,45400,171262,28841,180,815,4,3100,20813,740410,390,720,2900,570,414600,6400,129600,400,800,170,41300,2200,800,2700,8400,16459,283700,1942,200000,416250,217860,198482,32700,477500,19716,728099,48846,37771,260,19643,6350,49350,1300,5000,36500,25600,12600,207000,28000,3330,1050,4400,6875,473383,184,51,125000,26100,89510,2250,5,6928,325000,400,465,37709,9000,10790,141000,19,14712,2500,109530,21690,3970,20500,117502,156123,209500,93685,27472,1162,181210,5400,429000,1345,133,500,280,400,200,240000,13485,351,7600,40000,170,4120,250000,483950,13000,6500,37775,23103,63477,329000,1000,6900,6,300,14870,36600,252064,30,22000,10900,483842,20400,4617092,73,22000,400,204665,120000,38,59900,16000,8315,105233.33333333333,30066.666666666664,7515.274949083502,82484.7250509165,4913.229790961108,136038.66250619962,26732.255435668416,72906.15118818659,13572.695146200736,118594.00593278352,83385.77721837633,16614.222781623663,6153.846153846154,13846.153846153846,185,8506.478954627919,28159.37860842346,109117.5921076409,10165.535677640868,9386.459536141152,147836.73769422315,20532.88023530877,21728.480518724748,29332.6860504411,36038.13808157194,1425245.8825048828,7039.844652105865,6453.190931097042,403717.4911866411,35199.223260529325,118625.56902478742,150.43097521259273
1987,16200,10200,172000,25,7750,140,233000,275590,55651,7100,3000,75974,6700,3030,22000,130,370,17080,2500,1480000,3985,174528,20000,5700,506,10750,16800,385712,2800,4850,90000,1635221,58418,2403,174400,253837,470,5100,30,16423,26000,74731,8000,38000,22500,86990,190,89313,43600,197149,28771,185,820,4,3100,24613,797026,390,790,3000,630,428300,8800,131350,410,980,150,43900,2300,845,3300,8200,16120,306000,1634,307500,464625,235715,200770,38600,504000,23786,745286,52500,36892,270,22760,7950,51420,1350,5350,41000,20900,12700,231000,28300,3415,1050,4500,7500,358681,202,52,161250,26700,97350,2330,5,7622,325000,200,785,38925,10200,11115,152000,17,16228,2700,129770,24705,4280,21600,145340,164615,219500,101269,30721,1500,190320,5400,419000,1360,135,500,320,390,200,246000,12275,370,8600,45000,170,4130,260000,505300,15800,6300,34234,24097,55000,354000,950,7100,6,330,15797,34400,281391,28,19600,11750,514883,21900,5169395,76,21964,410,216241,150000,40,61150,16200,9805,116200,33200,7548.676171079429,82851.32382892058,5320.674209974541,147320.0794491186,28949.108452586628,78952.1139615999,14698.251882517847,128428.7720442025,80050.34612964129,15949.653870358718,6307.692307692308,14192.307692307691,186,8902.258241371177,29469.544523159762,114194.48502724408,10638.505572860675,9823.18150771992,154715.10874658875,21488.209548137325,22739.43729268315,30697.44221162475,37714.87750120217,1491558.019620635,7367.386130789941,6753.437286557445,422501.17613547615,36836.930653949705,120846.75230685725,153.24769314275375
1988,16000,9900,182000,26,7800,140,200000,277951,54610,7100,3050,80715,7800,2831,19000,130,386,25000,3100,1458000,2761,162900,22000,6000,497,13900,19500,392605,2900,4850,100000,1938658,46340,2300,193018,271622,490,5150,20,22000,26000,77461,9570,40000,22000,91650,200,91000,45330,170103,23119,190,980,4,3200,25730,817056,380,760,3100,690,431700,8600,133100,420,940,150,46500,2300,870,3500,7700,20870,301700,1000,314000,492125,235715,209850,41600,507500,21786,743879,52900,33476,280,21560,6865,52083,1400,5300,40500,23000,13200,241000,28800,3500,1050,4600,9000,369088,262,53,156250,27800,104740,2400,5,7827,330000,200,730,42146,9800,11160,160000,16,18960,3000,150400,19585,4360,22800,152735,173785,237800,104840,37471,2629,200450,6400,392000,1624,135,510,320,390,200,266000,13325,440,8700,44000,174,4160,270000,525950,17800,6800,32948,26300,61344,380000,750,7200,6,360,13795,37100,306645,43,20600,12775,547129,23200,5351040,76,25700,420,239247,150000,45,85918,17600,11912,129500,37000,7853.46232179226,86196.53767820774,5163.915136626754,142979.69734177727,28096.202366593865,76626.0064543469,14265.20820158425,124644.97049907097,90890.4971680302,18109.502831969792,6294.769230769231,14163.23076923077,187,9209.806948387866,30487.636794663285,118139.59257932023,11006.036882873446,10162.545598221095,160060.09317198224,22230.568496108644,23525.022741682056,31757.954994440923,39017.82350617012,1543087.27522489,7621.909198665821,6986.750098777003,437097.4377704882,38109.545993329106,123842.9527772752,157.0472227248055
1989,15700,10900,186000,27,7850,140,172000,274119,54207,4400,3100,85000,8900,2486,15000,140,360,28800,4300,1503000,2765,180240,22300,6300,518,13075,19800,390433,2980,5050,100000,1963546,45056,2550,215940,261300,500,5200,20,29300,26500,78413,11900,42000,23000,97660,200,95400,49440,175000,27292,195,1150,4,3956,27031,839766,400,520,3200,760,411400,9100,136700,430,840,135,48700,2400,920,2000,7400,20257,272200,1119,350000,540500,271430,268228,39900,521300,24815,728751,40000,36260,290,23140,8245,51000,1450,5700,45000,22300,14000,250000,29200,3600,1000,4700,10500,359431,226,50,172500,28000,70245,2480,5,8127,338300,210,700,45583,6300,11310,169000,15,20630,3500,155100,22205,4450,23599,107658,200180,246200,100223,35380,2145,207930,6900,300000,1533,129,480,360,370,200,240000,12250,530,9000,42000,180,4160,280000,529194,19600,7200,36859,27200,49026,410000,850,8250,6,270,15200,39700,314313,18,21700,13200,494000,25800,5681082,65,26609,420,166988,155000,47,66643,18200,13113,142644.44444444444,40755.555555555555,7853.46232179226,86196.53767820774,4282.436973908643,118573.12256581166,23300.19232649868,63545.979072269125,11830.143103954102,103368.12595755779,91307.42605412209,18192.573945877914,6470.461538461539,14558.538461538461,190,9394.854305196946,31100.20735513472,120513.30350114705,11227.174855203633,10366.735785044906,163276.0886144573,22677.234529785732,23997.697500405826,32396.049328265333,39801.78620470679,1574091.6408110843,7775.05183878368,7127.130852218373,445879.7853246471,38875.2591939184,122544.59924009409,155.4007599059164
1990,15500,10800,194000,28,7900,150,182000,285506,54592,4800,2844,91103,8400,3882,13500,140,350,35300,4800,1750000,3413,162873,23954,6600,526,12250,21200,406940,3080,5400,112000,2129143,49275,3612,226556,276629,520,5300,25,26912,26000,73000,12600,43000,23000,98686,220,99347,58210,185000,24000,210,1160,4,4293,28679,813200,315,710,3200,835,398000,10000,142200,440,715,135,51100,2500,980,1900,7000,28140,190400,1264,402000,622750,271430,192283,42200,522700,34729,708308,41700,14900,300,19145,7880,50000,1600,5700,50000,24600,14200,285000,29600,3580,1000,4800,12500,485579,110,50,184000,29400,67550,2550,5,10490,395000,220,750,43469,6750,11460,174000,15,20776,3700,153900,22704,4680,23783,124308,205354,218500,96943,37660,2780,251210,7200,374975,1534,130,490,380,390,200,265000,12700,530,9500,45000,180,4030,385000,527038,19600,7613,38899,27000,59651,440000,1000,9250,6,250,16000,41000,334715,36,22800,13210,521665,26800,6022450,23,27118,430,151470,158000,50,43000,18920,14670,149644.44444444444,42755.555555555555,7963.686354378818,87406.31364562118,4217.851128503435,116784.85448156274,22948.78899501255,62587.60635003423,11651.726048831373,101809.17299605568,95893.64380113278,19106.35619886721,6651.076923076924,14964.923076923076,190,9348.592465994676,30947.064715016862,119919.87577069034,11171.890362121087,10315.688238338953,162472.08975383852,22565.56802136646,23879.52881072488,32236.52574480923,39605.795530072624,1566340.5494145358,7736.766178754216,7092.035663858031,443684.19843610737,38683.830893771075,130834.0872082504,165.9127917495929
1991,15200,10500,197000,29,7950,160,207900,283701,56080,5400,3371,94656,8300,4160,11000,110,370,43000,5100,1950000,4257,83205,24912,6900,525,13250,22500,411090,3110,5500,127000,2428420,46367,4082,233971,280059,537,5300,25,29698,26000,70000,11600,45000,20656,104611,230,89708,63450,203000,27400,215,1170,4,4542,31500,787455,500,800,3400,920,327200,10700,143200,450,780,110,53500,2500,1030,1400,6600,31370,156700,1321,548000,716250,300000,8891,46500,520000,36893,682783,50000,15000,310,700,8355,49000,1600,5700,51000,25000,16100,370650,30000,3600,1200,4900,13250,523138,203,55,179300,30000,69735,2700,5,10900,406000,270,640,44657,7681,11700,165000,15,21073,3900,146960,33300,4850,17468,146826,224369,227800,107494,42200,3432,303280,7500,332733,1545,132,500,400,400,340,285000,17275,540,9550,44000,190,3000,356000,553950,20100,6345,43308,27000,61328,595203,1200,9300,6,250,17000,41000,333335,38,24200,13750,546358,30800,6313650,45,29050,450,203246,156000,52,39000,20812,15485,144511.11111111112,41288.88888888888,7991.242362525458,87708.75763747454,3395.3701584452647,94011.807857658,18473.775140985104,50383.023111777555,9379.639469309255,81956.38426182482,121900,24288,6898.461538461539,15521.538461538461,192,8804.553236975984,29146.107267230844,112941.16566051953,10521.744723470336,9715.369089076949,153017.06315296193,21252.369882355822,22489.865020077,30360.52840336546,37300.94519637481,1475187.7145911246,7286.526816807711,6679.3162487404015,417864.09662688023,36432.63408403855,134629.2744707798,170.7255292201918
1992,15000,4200,199000,30,8000,170,279800,293507,57866,4300,3815,100563,7250,4746,11500,110,271,44600,6000,2140000,4740,73949,25411,7200,545,14850,23000,408810,3140,5600,170000,2684850,42996,4188,257666,313666,555,5400,30,31074,26000,52845,13700,34000,22756,112413,250,98576,66950,207000,28500,220,1180,4,4622,30908,789921,470,600,3600,1010,315000,11500,130900,450,870,130,55000,2600,1050,2800,6400,35290,161100,1337,568000,794100,371430,24439,48000,526000,37550,680861,58333,15600,320,8875,8900,48000,1370,5700,52000,25300,14700,418850,30500,3700,1150,4800,15500,580000,80,55,192000,30000,74420,2850,5,11000,425000,300,570,46498,11943,11960,162000,15,23146,4200,156200,32236,4990,19000,152578,258370,214500,160780,44300,3550,309620,7700,328633,1620,135,500,410,420,450,303000,16030,590,9550,42000,200,2000,350000,549837,24100,5264,43648,27500,83240,723316,1200,9350,6,260,16000,41500,353444,40,25400,13380,650000,32000,6602337,55,29500,440,216051,160000,54,51000,22892,15074,126155.55555555556,36044.444444444445,8058.044806517311,88441.95519348269,2021.7346729546853,55978.265327045316,11000,30000,5585,48800,131400,27045,7107.6923076923085,15992.307692307691,192,7250,24000,93000,8664,8000,126000,17500,18519,25000,30715,1214725,6000,5500,344085,30000,153005.97068934323,194.02931065677583
1993,14800,5500,204000,31,8100,175,308300,304128,59761,4000,3653,109244,7200,2965,12500,95,300,60000,5430,2328000,4726,66000,26140,7400,590,16050,24000,430258,3300,5800,185000,3430979,45446,4290,288243,360308,572,5500,10,33077,26500,41120,14800,28000,22387,118133,270,120000,67170,210000,31600,225,1130,4,4428,29421,824925,330,680,3700,1110,314000,12500,130900,460,970,150,56000,2700,1060,3700,6400,38480,169292,1297,641000,859500,400000,22343,53220,532000,29794,679014,69500,12100,330,16052,10085,49000,1250,5700,55000,26200,15800,473300,30700,3700,1100,4700,17000,670000,87,60,186000,30000,79910,3000,5,11000,430000,500,562,50725,15235,12220,165000,15,21382,4500,182600,34077,5350,20000,150000,310400,199800,178518,45600,3370,322000,7925,267942,1700,135,500,415,405,460,285000,15015,590,9550,40000,220,3250,370000,528938,32400,4500,48300,28500,76896,725782,1250,9400,6,265,19000,49000,369970,37,26700,13830,673000,37500,6856901,55,34000,470,226950,140000,57,58000,25184,15100,105000,30000,4100,45000,1917.1621898708222,53082.837810129175,8900,27000,5600,46000,135200,28197,7261.538461538462,16338.461538461537,192,2450,16000,101000,4123,6800,104000,6400,10089,17500,19641,1124446,2100,4000,233000,28000,171282.7935588927,217.20644110729148
1994,14500,6100,210000,32,8100,175,320000,329525,67860,3650,3789,115800,8050,4606,13000,88,311,73000,5800,2530000,4952,60000,27517,7300,630,15000,25500,486338,3480,5900,180000,3754074,40979,4181,301914,400626,590,5600,15,34000,26000,45878,14500,21500,23434,121121,300,118000,78750,220000,27550,230,1070,4,6165,33366,848208,470,700,3800,1250,326000,12800,132700,470,780,150,52400,2800,1000,5600,9000,45910,161100,1070,657000,1004000,437860,34000,58583,515000,29986,649100,78333,12900,330,18741,10690,51800,1750,5700,64452,26800,16400,504000,30000,3800,800,4800,18850,647291,28,60,200000,33400,83930,3150,5,11200,456000,550,630,51430,16091,12485,168000,15,24200,4800,250000,34294,5440,29000,149624,324500,253600,168348,45800,3700,338000,8756,220100,1550,162,510,420,470,480,296000,15560,710,9550,38642,230,3650,390000,554295,41800,2867,56686,29000,75304,679798,1200,9000,6,265,17000,43000,365000,40,27700,18400,712000,33300,7239595,55,35000,470,235009,135000,57,61000,24300,15500,100000,32000,4900,45000,1742.8747180643838,48257.125281935616,8000,28000,5600,43000,148000,28421,7384.615384615385,16615.384615384613,192,2750,14000,74500,5307,7200,73070,5100,8088,18500,17258,941783,1400,3200,165000,19000,184665.82232675955,234.17767324045593
1995,15400,6300,208000,32,8150,180,348200,330495,60171,6200,4193,125700,9050,4419,13500,90,345,80000,9750,3000000,4681,63000,28087,7100,574,15000,26500,486218,3630,6050,195000,4437936,38900,4216,319820,451305,580,5700,20,38250,26000,49456,15200,20000,20408,121300,300,124500,85830,244000,30824,235,1160,4,6741,35935,851944,500,710,4000,1100,312000,13000,146350,480,450,150,65300,3110,1000,7000,7000,49560,186000,1553,673000,1067880,455000,37000,60064,500000,26870,656366,90000,16700,330,19130,11330,50500,1880,5700,79077,28800,17000,516000,32000,3800,755,4800,19325,791314,27,60,225000,33000,98960,4000,5,11300,478000,650,760,62119,17237,12650,169000,15,27150,4850,318800,42346,5500,32000,177126,357900,251200,166647,47500,3750,350000,9884,229975,1400,155,520,425,450,500,309000,17460,980,9550,40000,250,3900,417000,574394,45000,2249,61313,29000,85365,699876,1300,9200,6,326,19500,43000,215280,40,28000,18725,730000,37600,7530847,55,39882,470,267534,132488,57,52000,25000,16500,122300,27300,5350,44960,2021.7346729546853,55978.265327045316,9100,27800,5600,50900,155000,28564,7692.307692307692,17307.69230769231,193,5450,11000,53000,5111,8014,46222,1700,7098,19314,18795,779475,697,3200,145000,13000,208435.67939207528,264.3206079247331
1996,16300,6113,215000,32,8200,180,336700,336380,61409,7300,4109,109000,10100,4715,13700,84,323,85000,9000,3000000,4663,66000,29083,7000,611,17000,30000,501289,3700,6100,185000,4536941,37000,4432,345509,472380,600,5800,90,41500,25000,48259,16400,20500,22229,112404,310,135000,125000,241000,29751,240,1180,5,7408,41249,900092,500,710,4100,800,372000,13200,137250,480,240,150,68500,3260,1200,9500,6000,53800,156400,1362,690000,1158200,464290,38000,63555,515000,39387,638749,83000,16400,350,21243,11650,50350,2000,6500,76923,30100,17700,515000,32100,4800,900,5000,20550,862733,14,60,240000,33900,113306,3450,5,11700,533500,380,740,62310,17180,12920,170000,16,28793,4900,350000,38768,5600,32500,186142,407610,270000,179670,46000,4100,368000,10178,241187,1580,135,520,425,460,520,328000,16250,960,10000,40000,270,4000,450000,585176,47000,2308,63228,29000,81821,718837,1370,9350,6,360,19500,48000,258865,45,28000,24253,768000,35000,7699858,55,42533,470,307816,151401,57,62000,27500,18000,122800,45500,6100,45210,2091.449661677261,57908.55033832274,9600,27000,5500,25549,162000,25558,8246.153846153846,18553.846153846152,193,3800,12092,49000,3801,7000,31444,1900,5462,19286,14312,606868,230,1500,135000,9600,223716.30179120682,283.698208793197
1997,17500,6500,220000,32,8250,200,354400,356900,63252,8030,3333,115100,9650,4857,14000,84,338,93000,10400,2837500,6139,67000,30078,6800,620,18000,33500,516952,3900,6250,185000,5500772,36500,4306,389966,449501,600,5800,100,39300,25000,48592,17270,17200,19790,117247,315,142000,147700,314000,31943,245,2300,5,6279,45423,920812,500,680,4300,1000,385000,16100,70000,520,420,150,72011,3416,1600,10800,6000,58358,150800,1664,694000,1097800,476190,33000,66430,501400,43968,629194,81500,17000,350,23868,11900,58800,2100,6700,76155,31550,17900,515000,32500,3500,830,5000,20825,805015,14,60,240000,35500,123725,5100,5,12800,542500,380,860,59043,17900,13090,171000,16,30518,5000,382000,43616,5800,35000,211274,444860,323000,197000,46000,3260,364000,11835,204120,1650,130,600,425,470,540,423000,19000,1080,10000,45600,290,4200,480000,570518,48000,2845,65987,31300,92814,726648,1450,10600,6,360,17700,54000,310257,45,27730,23347,796000,38800,7903539,55,43126,470,310401,160550,57,63000,30000,19000,144000,35600,1900,45370,2230.8796391224114,61769.12036087758,5900,26700,5500,26473,163000,35505,7692.307692307692,17307.69230769231,193,4000,12723,55000,3640,9300,26100,1900,4951,20000,11979,537875,115,1300,117000,8500,224715.03528134612,284.96471865388094
1998,18800,6600,245000,32,8300,200,400200,372833,61663,8850,4454,119200,9500,4796,14300,84,407,110000,8500,2858600,7396,71000,31152,7200,625,18700,37500,539652,3900,6450,190000,5812349,37000,3825,389524,491705,620,5700,100,43660,23859,45396,17220,18500,20665,130008,340,124323,90000,300000,33920,250,2850,5,6000,46939,928643,500,680,4350,800,400000,17820,65000,600,420,150,78000,3694,1600,10200,8000,58458,179700,2107,735000,755900,510000,28000,67329,492800,43282,612561,79000,16200,350,26253,12100,60300,2000,7000,75385,33300,18200,520000,36000,3560,760,5120,18300,952783,15,60,237000,37400,125226,10000,5,13600,564000,380,825,63325,19700,13260,172000,16,28685,5100,276000,56900,5900,36000,201194,440000,347000,213000,46400,2545,312345,13000,197000,2000,130,550,425,475,560,435000,20000,910,10000,41124,300,4000,470000,673000,49100,1986,65800,33907,97243,819775,1550,11700,6,360,17200,58000,308427,45,27700,21994,804400,42000,8006980,55,51900,470,338742,166382,57,68200,32276,20300,157000,35300,1950,46200,1952.01968423211,54047.98031576789,3200,26200,5500,26706,166700,38550,7692.307692307692,17307.69230769231,193,4300,13200,59000,5842,8604,20752,2300,5368,16800,11247,571288,115,3000,130000,13000,253178.93975031664,321.06024968337255
1999,17500,7000,232000,32,8400,220,412200,360000,61134,7900,4255,125600,9500,5614,14500,84,535,111000,9000,3153500,10462,67000,28995,6730,700,19400,36000,572304,4000,6650,190000,6257801,43000,4238,385563,535336,630,5800,80,49654,22556,36567,18200,21300,19850,140695,340,152000,90000,323136,34000,260,5550,5,6178,48857,897262,500,780,4550,900,400000,19000,62500,600,610,150,75800,3955,1700,11200,8000,68750,141806,2250,778000,755600,594000,40830,73000,509000,49978,609487,95000,12500,350,28784,11200,62100,2100,7000,75500,35200,18800,482000,36500,3750,950,5000,20100,1028710,25,60,316000,35000,140892,9000,5,14400,558000,300,1015,64501,21600,13545,172000,16,32751,5300,278000,51460,5900,40000,264500,447000,378000,201800,40390,2600,372082,13550,226000,2500,130,600,425,505,580,418000,20937,930,10000,44858,300,4100,495000,671000,47400,2828,66608,34600,104380,853564,1650,12500,6,360,19000,62000,376284,50,28600,24375,800400,44000,8288000,55,59000,500,383562,179323,57,70000,33500,20500,157000,54500,2000,46550,1742.8747180643838,48257.125281935616,4900,25600,5500,24670,180000,48418,7846.153846153847,17653.846153846152,193,4200,12500,57000,4890,8424,24446,2600,4579,12800,10558,616640,116,3500,130000,13600,247685.9055545504,314.094445449611
2000,16500,5700,240000,32,8600,220,418100,394000,62829,5600,4814,134300,8700,5417,17317,84,414,108000,11000,3254200,12507,67000,33086,6400,640,19500,26500,590431,4200,6650,200000,6628770,44000,4500,389770,562744,640,5800,60,48824,22655,44442,17600,24400,19188,137000,340,175000,95000,342208,46000,270,3450,5,6227,46135,888761,403,750,4700,960,400000,20000,68700,600,1020,150,77800,4176,1700,11200,8800,75625,165100,2205,860000,1004900,670000,59200,72000,490000,52839,604894,105000,11100,364,23677,10800,66300,2250,8000,75800,40000,19100,406214,36500,4183,950,5100,22000,1085630,35,60,310000,34500,181000,10700,5,15000,458000,300,920,65330,27699,13720,160000,16,38164,5400,282000,59607,6000,33000,283733,477490,387000,204060,45830,3400,394906,13300,249785,1570,120,500,425,520,700,483000,22352,980,6000,42727,310,4000,520000,663000,56945,2886,68617,39448,106602,923830,1300,15000,6,360,24300,67000,413963,50,33915,22760,797400,46000,8430000,55,56206,500,394449,196188,57,74000,35000,22000,155200,54500,2220,47000,1568.5872462579455,43431.41275374205,5200,26000,5000,25016,245000,43457,8000,18000,193,3100,13452,60000,4756,9781,28880,2660,5093,12300,13666,611952,120,4500,120000,13500,276000,350
2001,16400,5700,236000,32,8750,240,422500,397238,62026,5700,4627,144600,9900,7795,17318,84,405,103000,11700,3480700,15099,70000,34026,6700,610,20000,37500,624795,4400,6700,210000,6451196,42000,4500,376196,595586,650,5800,40,47200,23478,45648,17748,28000,18291,140779,340,169000,95000,359318,46000,280,6000,5,5778,52760,917157,403,830,4700,900,412000,21500,70620,600,1020,150,80000,4400,1800,11200,8800,66291,164000,2757,911000,1125500,738000,70300,80000,510000,56797,609483,104364,15900,460,24705,11600,68500,2315,8600,76200,44500,19100,434571,34000,4358,950,6000,25300,1132770,25,60,315000,34000,215000,10400,5,15500,466000,300,820,67822,32395,14000,183500,20,37598,6000,292400,62344,6000,36000,287861,525810,458000,177181,39630,3200,442870,13315,213128,1720,120,600,425,560,740,505000,23398,930,2100,43484,330,4400,572000,692840,62117,3355,73356,39778,114228,1003790,1300,16300,6,360,30500,65000,370910,50,37555,23440,818655,48000,8614000,55,54998,500,475975,218102,57,87000,36500,33000,171400,52700,2500,62300,1498.8722575353702,41501.127742464625,4500,27000,4800,26909,275000,47890,8153.846153846154,18346.153846153844,193,3300,15412,68000,5865,7276,27765,2851,5853,18898,13306,672355,182,6000,145847,14000,262000,430
2002,30000,8000,243000,32,8900,240,320000,428206,61004,5900,4115,154700,9200,9210,18333,84,400,108900,10650,3819000,13685,75900,35431,7000,600,19008,37500,625692,4800,6700,185000,6644022,41000,4500,377522,649037,655,5000,40,48500,23585,29221,17697,30670,17437,143068,340,166000,94614,365000,48000,280,5550,5,7300,54923,836470,403,700,4550,1100,412000,24000,78818,600,1020,150,86200,4680,1950,15000,9000,104822,179068,3383,964000,1353800,785000,95000,82000,470000,57443,627584,103294,16400,520,26349,15000,71400,2450,9000,76000,44400,11635,473253,40600,4531,950,5500,28000,1217690,30,60,315000,36500,250500,10350,5,16500,470000,300,870,72801,33021,14080,190000,20,40159,7000,330000,61625,6200,36300,307094,561670,500000,173433,41620,4200,497312,13400,232970,1950,125,1300,370,600,800,467000,23102,900,2500,44768,340,4400,615000,670000,66000,3461,77383,41086,123188,1042774,1000,17500,6,360,38500,68000,416002,55,41250,23820,818805,55500,8716099,55,45181,500,483711,233300,57,92700,38000,30500,161700,56700,2570,67580,1568.5872462579455,43431.41275374205,7500,36400,5000,25207,290000,48909,8307.692307692309,18692.30769230769,193,4000,20069,68000,7540,8320,27274,3903,6777,21718,13900,726505,115,7581,184786,14510,296200,480
2003,35500,10500,253000,32,9000,260,335000,418269,61608,6660,4089,165000,9500,8168,26000,84,375,108900,7200,3907100,15435,40453,36588,7100,550,18250,37500,615623,4800,6700,185000,6958420,40000,4000,371420,678069,700,5200,30,51800,22923,28052,17292,33000,17489,135000,340,130000,95377,373000,48000,280,10500,5,8000,53012,819081,393,700,4500,950,470000,26200,102958,700,1020,150,82100,4965,1950,21300,9000,116774,173919,4166,1052000,1397138,920000,25000,83000,413105,57159,631413,113000,17300,520,27144,19000,73200,2450,9600,76000,44400,14050,478000,42000,4701,950,5500,28000,1237120,50,60,315000,25500,310547,10200,5,17400,363500,300,1150,79455,35407,14260,201000,20,41888,7200,346100,61841,6300,37000,310943,568859,435485,152675,31974,3800,479000,13400,258848,2200,120,1300,280,610,860,468000,24355,1020,3300,42838,340,4500,595000,597829,60000,3438,74742,44800,159429,1117075,750,18900,6,360,34807,68000,512750,55,45000,34190,840198,62100,8684434,55,30686,500,367512,254610,57,121000,38500,35000,155000,58437,2630,62700,1394.2997744515071,38605.70022554849,9300,43600,5150,28367,317790,37065,8923.076923076924,20076.923076923078,193,4500,24297,70000,8941,11541,29000,4750,8049,24188,14800,784274,115,10000,199112,11913,274000,464
2004,38500,12000,253000,32,9200,260,338339,435646,62703,6700,4177,176000,10950,8588,21344,84,404,119000,8000,4277800,11729,44457,37573,7300,580,18300,57500,613251,4950,7000,193406,6898960,17000,4000,377960,709182,720,5500,18,51800,26141,29675,15697,33660,17542,135000,340,198000,96243,373000,57898,280,8100,5,8600,54795,781280,383,700,4650,1080,510000,29000,94000,600,1020,150,82400,5285,2070,22100,8900,128759,161704,3728,1134000,1488638,960000,46000,84000,416420,58541,633398,126659,16000,530,24035,19100,76000,2500,10000,76000,44400,19800,516000,43500,3895,950,5450,28600,1317210,135,62,320000,22150,351408,11850,5,18700,410000,300,947,83648,37622,14450,211000,20,44587,7300,352600,62571,6300,41800,308485,589452,459664,165073,30885,3800,499769,13600,179214,2550,120,1300,270,620,835,480000,24778,751,4000,34363,350,4530,590500,571340,67643,3630,69628,48000,170373,694359,820,20400,6,360,35500,72000,512239,55,39500,29000,842694,63600,8895748,55,40997,560,366310,218153,57,123000,38500,40100,162800,60697,2400,58870,1533.7297518966577,42466.27024810334,11750,42000,4500,26247,318740,33533,11384.615384615385,25615.384615384613,193,4100,28995,80500,9498,11837,30000,3447,9223,31031,17000,855922,225,10200,222061,12786,302000,418
2005,40400,10162,253000,31,8800,280,394384,432899,62961,5370,4208,185000,12000,8491,24100,84,383,148000,6000,4695900,10279,52133,38603,7200,635,17200,66500,626253,5100,7000,205795,7244132,22000,4500,337632,762870,700,5650,18,51800,25124,24545,16224,32500,17647,122232,340,247000,97029,373000,72325,290,8100,5,8060,55100,815816,382,700,4700,975,515000,29500,101497,600,1100,150,82400,5570,2110,20600,9000,140711,144834,3856,1222000,1407138,1031000,85000,85000,408714,61600,661089,132638,15200,600,28328,19300,72000,2625,10600,76000,44400,20000,537000,43000,2771,660,5550,30000,1401189,140,63,320000,21050,401914,11900,5,18500,420000,300,858,89651,40264,14635,218750,20,45707,7300,360000,62478,6300,42200,342074,581730,501354,164816,32358,3900,576899,14000,208740,2570,130,1300,260,640,850,537000,26801,751,5000,37845,350,4600,618471,572649,69470,4060,73458,46000,162062,817239,860,22000,6,360,35500,72000,538900,55,40500,28000,864060,69600,9000473,55,51762,600,417942,214590,57,126000,39000,45000,173500,58658,2550,53200,1520.9021939717038,42111.097806028294,8527,32600,5000,26645,336400,40641,9384.615384615385,21115.384615384613,192,4500,31136,90000,8478,15369,33000,4041,10814,34002,19000,963624,225,11200,290154,15214,285000,363
2006,30500,9831,253000,30,10000,280,450429,444819,60305,5360,3613,197000,11000,8243,18073,84,370,149000,6700,4576550,11924,54506,39860,7275,635,17200,76000,622474,5200,7080,220833,7202653,18000,4500,346153,849830,710,5640,18,61400,24795,25974,13142,31500,17647,107697,340,250000,140000,445000,74333,290,5050,5,9050,55371,711460,350,700,4600,1020,518000,32300,75758,769,1060,150,96004,5900,2200,18650,8900,126700,124567,4408,1320000,1575175,1133000,60000,85000,372190,63450,717842,115815,18500,680,24156,20300,77700,2750,11200,72000,45565,12300,542000,43000,2666,794,5580,31000,1433738,160,60,352000,26000,462159,12100,5,18800,415000,300,421,86585,43829,13170,232100,20,50029,7086,441000,65838,6500,44500,368546,589378,547542,158538,32500,4100,608562,14400,184365,2170,130,1300,300,552,850,548000,28728,818,6000,37996,350,4500,633119,556861,75706,4139,72906,37000,173582,849881,890,23800,6,370,31918,68000,495566,55,28500,24000,843514,70600,8968666,55,60387,605,394352,230000,60,130800,36500,46500,159300,56910,2260,56500,1700,47070,10656,31000,4600,25683,354540,31533,7692.307692307692,17307.69230769231,190,4700,32811,116000,8114,8700,44763,3800,13271,37486,21000,1077441,800,13600,335588,16700,303000,265
2007,22000,10014,254000,30,12000,300,487559,458572,67490,5430,4330,210000,12000,8456,19136,84,370,158000,7000,5151990,12719,61904,41200,7350,805,18000,80750,640708,5900,7300,207571,7692504,24000,5000,333504,922344,680,5690,25,67000,25110,22222,14157,30500,17700,104136,340,257500,155000,506650,78333,290,5150,6,9600,55414,774657,460,700,4900,1130,585000,42800,73000,712,1060,150,98899,6380,2260,22900,8900,107500,114885,5084,1474397,1663713,1230000,81000,79000,435817,65081,725339,133821,19550,800,24781,20000,79500,2800,11850,92000,45755,17000,548000,42485,2896,859,5580,36500,1478637,180,70,352000,26000,642315,16000,5,19400,456000,300,448,84425,47135,13350,243300,20,54398,7300,477000,67269,6500,27937,394750,592702,580291,172781,33000,4700,637729,15000,208150,2490,130,1300,400,546,880,559000,32438,833,7500,41537,350,4500,750000,591394,81185,5940,73666,45000,121334,879981,930,25700,6,380,32652,74500,604836,55,33500,22000,835753,78000,9035620,60,50121,850,413722,239000,60,143000,36500,49500,160000,54354,1908,57800,2000,45942,14945,32900,4500,32492,373000,26581,8307.692307692309,18692.30769230769,200,5400,40490,132000,7677,9800,47361,3900,13200,38790,21600,1163478,800,15200,379799,16000,268731,211
2008,26000,8379,254000,31,14600,300,539490,462832,68465,5450,4066,215000,11500,8329,17727,93,370,170000,8280,5465780,12990,56307,42300,7425,835,19000,84625,641168,6150,7370,221283,8150182,24000,4000,322182,1010659,680,5850,25,64600,32085,23550,14166,29000,17753,101204,340,230000,155000,455902,70500,290,5200,6,9600,56289,795644,460,700,4800,1120,647000,45600,75000,640,1060,150,101198,6750,2275,21000,8900,94685,124538,4785,1599129,1904000,1305000,49000,80000,463996,64729,732408,140459,20237,850,28971,20700,80000,1900,12500,93500,46000,23800,547000,49300,3138,890,5580,38300,1513341,200,70,370000,27000,727347,13800,5,20000,465190,330,431,83239,45851,13450,260000,20,61985,7350,518000,68276,6600,34871,435909,727593,559167,180400,33200,5000,626000,15400,205141,2650,140,1300,460,539,880,564000,34776,768,10000,41312,360,4150,897003,578344,86580,4898,75086,49500,129089,920754,960,25170,6,380,33140,76500,617986,56,34500,30000,822753,78000,9075112,62,75300,1000,412203,298800,60,151000,38500,53000,150000,49481,1917,60736,2400,47120,21302,32700,3800,33622,390000,27682,8307.692307692309,18692.30769230769,200,6600,47000,156000,8563,9800,47086,4300,13900,40926,20200,1320232,1300,15200,429017,17100,273022,144
2009,25000,7105,254000,32,17400,200,573327,468712,71344,5450,4131,224000,11600,8429,18198,93,370,175000,8480,5557000,13024,68898,44260,7500,905,22900,79875,638626,6450,7440,227092,8487151,24000,4000,329151,1019864,670,6000,25,60938,32873,30429,13426,29000,17806,101032,340,248000,145000,484380,71666,290,5200,6,7900,52391,789642,470,700,4700,1160,662000,46000,76000,680,1060,150,103628,6700,2480,24600,9000,103101,122375,4597,1740431,1910000,1662100,34084,85000,481091,63404,737976,152814,20980,870,34639,22000,76400,2400,13000,96000,46900,26500,597000,50750,2851,956,5580,40100,1543819,220,70,415000,33000,725300,14000,5,20100,472573,400,433,79136,46216,20250,273000,21,58964,7400,562000,70546,6600,36202,476340,740418,629108,182544,32357,5200,680000,15717,241128,2650,140,1300,480,361,900,570000,33989,607,13250,43075,360,3850,977182,658612,85280,5446,73504,50000,131968,917263,1000,32470,6,374,35499,76500,717401,59,39800,33000,839000,79000,8658603,63,72800,1000,465972,352300,59,154000,40000,53800,137584,49085,1927,63000,2400,48843,24039,30500,4200,33365,386000,27683,8615.384615384615,19384.615384615383,199,4800,56500,177000,8832,9700,53007,2900,14403,39596,23800,1510985,5200,15600,493174,17800,289243,173
2010,35000,6889,252000,32,21200,150,615699,512170,77464,5450,4170,231000,11600,8590,18791,93,489,179226,8600,4988321,13757,52805,46600,7575,960,19500,85000,642219,6700,7500,226700,8781644,20000,4000,327244,1066943,710,6250,25,63727,36362,25353,13809,29000,17860,108500,340,237000,160000,540257,92000,290,5600,6,9580,53887,810199,310,700,4700,1200,617582,49000,76500,680,1060,150,106820,6600,2550,22600,9700,74242,127020,4358,1816848,1950000,1552000,52812,79500,491482,71884,732729,187470,22620,880,32125,24500,47000,2000,13600,99000,47200,27000,670000,52000,2690,1043,5580,42350,1547036,240,70,474000,33000,839200,14500,5,20200,479016,380,448,81879,53365,20500,245000,21,62128,7430,610000,74827,6500,37000,504987,777952,672287,179607,35000,5800,725000,15777,221662,4573,140,1300,480,541,900,575000,38169,551,14500,44659,360,4400,1043664,631885,89450,5662,78507,53000,131535,970943,870,35500,6,345,35664,87000,843898,59,47900,34000,904000,81700,8790284,63,69200,850,615941,304400,59,160000,42500,54000,134211,45771,1985,74000,2400,53715,26977,23500,4100,32130,398400,31111,11692.307692307693,26307.69230769231,194,5200,54500,210000,9755,9100,64975,3000,15161,42846,28200,1656580,1200,15600,514493,19200,307950,160
2011,32000,8054,258000,32,24500,80,683019,546758,80140,5450,4200,238000,11600,8817,21231,93,513,176143,8800,5287702,15308,48584,47800,7650,609,19000,87500,640192,6900,7580,249852,9048216,17500,4000,350120,1074987,720,6500,25,60757,34997,32429,13475,29000,17914,107168,340,174590,155000,577823,96000,300,5750,6,13600,56573,833100,300,700,4700,1250,641829,51000,75000,680,1060,150,108997,6500,2700,23200,9600,79766,130511,4884,1860000,2081000,1589000,72630,80000,506506,72519,714061,190480,21263,900,33524,26200,55000,1950,14300,102000,47650,28000,690000,51500,2437,1096,5650,42700,1593527,260,69,500000,30800,923500,15000,5,42500,505632,380,435,85144,55061,20800,198303,22,62349,7550,663000,80699,6600,38000,535421,824058,700993,180895,36500,6600,760000,15800,221007,5090,140,1300,480,550,664,469000,41700,622,15200,46196,360,4400,1053600,637134,90000,5331,78182,56000,132480,994319,900,37000,6,348,34220,84000,963245,60,47800,34500,899000,94400,8683643,63,85342,900,612699,329600,59,165000,43000,55000,122465,39751,2030,67400,2400,51027,32381,29500,2050,31351,406200,36548,12307.692307692309,27692.30769230769,198,5400,60500,238000,10492,9500,62257,4500,14706,43146,28500,1833018,2600,16000,528730,21900,304487,182
2012,31000,8000,262000,32,28500,67,734646,559451,77600,5500,4300,246000,8654,8965,21911,100,648,169454,9000,5243578,15935,51327,48500,7000,675,19000,88000,644725,7000,7620,254479,9597521,18000,4000,324521,524644,720,6600,25,66455,42686,29904,12574,30000,17970,102061,360,161108,155000,591987,96400,304,5800,6,9500,60007,833062,295,686,4800,1500,627943,65500,76000,700,1060,225,113121,6550,2750,27600,9000,84417,139248,5010,2161055,2089900,1625000,72660,80900,517833,72976,748516,190260,19712,912,37453,28100,60000,2000,14500,103500,48000,28200,711500,52500,2562,1332,5700,43000,1601172,270,70,500000,26000,923500,15500,5,47000,535546,376,452,92503,57391,21000,229129,22,64566,7650,721000,86017,6800,38500,575566,868041,783837,179164,29713,7000,788000,16000,226472,5426,139,1304,480,561,565,450000,42370,252,16000,46099,359,4500,1056000,637726,90500,5784,76840,58800,112435,1150952,1000,39000,6,368,35000,92000,1047783,60,48500,35000,919000,85400,8576195,63,84400,925,473769,350600,59,167000,44000,55500,107979,41002,2050,75600,2400,46229,37344,28600,2460,32161,426900,29180,45000,20000,200,7900,73320,281000,10225,9400,72304,4500,15215,45611,26800,2059313,8800,16800,577858,21400,308010,173
2013,33000,8500,267000,32,33200,35,732463,572091,77031,5600,4300,248000,8349,9954,22611,100,650,171889,9724,5393754,17720,46548,47700,7000,802,17500,90000,648642,7000,7650,262761,9444887,18000,4000,307487,684000,720,6700,25,70493,47859,27733,10935,30000,18020,108073,362,174067,160000,658079,96800,305,5850,6,10000,62363,845750,285,695,4900,1550,644839,72000,110704,676,1060,226,121212,6750,3063,26600,9000,82282,133445,4957,2019410,2250000,1630000,73300,82000,504321,73630,748636,196000,17400,949,34840,30000,50000,2000,15077,104150,48000,28500,760000,55170,2353,1360,5800,42800,1600988,103,71,510000,27000,925000,15600,5,51600,551886,368,443,93308,61989,21500,193153,22,72684,7680,746000,92811,6983,40000,594004,905000,827221,179126,26114,7140,791155,16243,204353,5553,141,1227,453,572,700,569000,47719,157,16800,47036,355,4500,940447,685539,93000,4317,81826,61600,107306,1202385,1000,40000,6,368,36500,100000,1060673,61,50000,36000,945000,88200,8648756,63,44000,1009,437133,353700,60,168000,46000,55500,104342,41060,2108,77300,2300,64552,28271,40214,2280,32078,392350,41770,55000,20000,202,7800,79800,306000,11114,8100,79506,4600,16658,48753,26800,2129567,1500,17000,687021,23500,290476,175
2014,27657,8750,265384,31,28733,80,729244,579881,80409,5517,4293,258000,8984,10690,23335,96,604,174137,8736,5496391,15955,47022,46972,7200,695,16571,93836,662266,7000,7900,257981,9189453,18288,3966,326298,728000,703,6776,25,72765,42478,28997,11099,26088,18080,102946,358,188115,160000,717665,100300,307,5880,6,11388,63682,844591,295,723,4902,1569,667130,73794,114101,689,1060,225,132293,7419,3146,25800,9228,85227,144164,4913,2373071,2300000,1637009,66509,84360,508864,73972,756754,190559,17107,920,36113,31635,51521,2100,15201,101870,48100,30077,799726,47925,2230,1296,5844,42934,1616148,167,70,523081,29952,1216535,15367,5,51610,574324,375,484,103002,63887,21652,190984,23,74423,7768,815000,100732,6960,39691,621140,887938,824368,180591,22130,6709,885324,16663,246751,5435,149,1300,446,576,870,507230,52667,222,18868,46132,360,4684,958430,720094,125148,4566,91479,64126,83789,1308900,1071,40569,6,366,35745,102000,1109742,63,46001,37380,942000,92412,8669628,65,71015,1051,442223,377524,60,170855,45732,50000,104323,37510,2164,85441,2743,36858,28218,40191,2247,33159,379737,31959,55000,20000,197,8400,84000,330543,11051,10298,75998,4393,17318,51824,31000,2280343,1600,16181,655604,24000,293639,178
2015,29959,11160,270980,31,30144,80,729929,590623,82100,5844,4248,265000,10044,11212,24082,97,753,180222,4300,5796225,15511,50449,47724,7100,700,17056,95281,683094,7014,7670,270090,9573280,17950,4042,321139,763000,721,6758,24,72037,46654,21804,11792,27343,18114,95681,358,193751,159000,709778,102785,308,5824,6,10651,65580,898444,315,735,4954,1575,659092,79670,133482,550,1040,216,139007,7750,3257,26908,9104,95469,163284,5072,2394703,2459988,1654706,76096,84283,533817,74275,751061,200360,21714,931,41604,33606,55073,2200,15311,102527,59984,32991,760000,54771,2251,1276,5818,43303,1643705,169,70,530221,43698,1157000,11813,5,53372,592146,378,557,106964,64445,21993,197580,24,63605,7838,891000,106937,7021,40295,645016,1033155,818252,189983,32040,6551,966965,16847,254858,5157,176,1309,448,599,914,517681,47605,350,17000,48008,361,4788,1004000,736455,130000,4770,97559,65003,83800,1277040,1159,42756,6,365,36349,101893,1118719,65,48174,38658,998000,91341,8822692,67,36000,1091,433436,388777,60,172825,46059,53000,111962,37099,1955,90930,2711,39309,31369,42858,2101,32858,459151,32810,52849,20000,197,9100,82200,341319,11263,10037,80738,5712,17598,55979,32500,2404152,1710,16230,651528,27308,302961,185
2016,30762,11634,278507,31,30693,80,704023,623277,88200,5958,4157,270076,9175,11669,24855,97,1223,183556,5500,5860316,16301,50578,57500,7000,673,17290,94838,706502,7654,7699,278472,9885420,15500,4266,340754,769041,746,6919,22,77381,48210,23539,11927,28201,17234,101595,357,199498,158000,897197,106689,315,6026,7,11149,68266,846216,308,760,4863,1607,632847,81757,135271,550,1020,210,142621,8197,3170,28944,9256,102061,171944,5440,2411688,2601476,1817786,72827,85411,554237,76448,764376,208647,22253,996,40236,31716,65125,2300,16754,109199,59632,30084,830000,76000,2148,1139,5832,47486,1676866,163,71,550169,52829,1170000,12935,5,73496,624476,383,487,110029,66387,22666,202848,24,66431,8044,975000,114007,7192,40857,690892,1051202,813371,194401,30888,7341,992518,17603,256116,5278,115,1348,450,593,950,553512,49342,316,17000,48820,368,4787,935572,700340,145000,4571,102401,66186,83800,1301649,1153,47091,6,378,31708,104573,1101572,65,53245,39099,1050000,93736,8908986,65,33692,1110,341547,418186,60,174589,48099,58000,114406,42325,1840,89454,2968,41466,37571,47157,2107,35488,423838,36153,32082,20000,198,8257,81000,348984,11529,12289,87541,5640,17541,57582,34793,2485189,1930,17169,618903,29490,305770,194
2017,34397,11826,276014,31,29857,80,722119,652680,88700,5837,4222,277856,9735,11870,25653,99,1259,202404,4293,5842721,15522,50074,60091,7000,540,17550,95589,738209,7758,7998,285452,10392383,15500,4229,335214,782000,745,6955,22,77728,48322,19257,12550,28293,17156,101371,356,207667,159000,721000,107810,318,6024,7,11474,71302,846270,299,763,4875,1550,631000,85096,145178,550,1075,217,138795,8721,3223,29644,9277,104802,174000,5858,2513006,2704009,1838187,84749,86116,549262,77836,772480,206559,25603,1008,43597,32326,64369,2400,17317,110053,58237,65284,820000,59547,2126,1112,5874,47803,1734126,157,70,558143,66289,1150000,13001,5,74852,621653,390,483,118245,68573,23363,198288,24,64202,8118,1066000,117786,7240,42243,709233,1075660,797216,200634,29173,7534,936020,17891,261029,5290,159,1334,455,586,946,540258,45909,417,17000,48323,368,4768,927147,690837,157271,5706,103407,69008,83800,1291604,1179,43477,6,380,33267,104886,1228444,66,52428,39242,1090000,94735,9050702,66,31149,1136,340000,445238,60,175007,48671,60000,115645,45134,1851,88911,2806,50630,39782,46326,2135,38012,467397,38979,32551,20000,199,8058,88500,345254,11763,12095,98083,5179,19144,77059,34101,2597071,1930,17104,630385,30265,300502,199
2018,36063,14093,278279,31,30231,80,711460,635865,94040,5887,4232,284809,10141,11670,26474,100,1079,207217,4704,6271687,16924,55572,59355,7756,565,17279,98509,754953,7935,8088,298500,10510737,16250,4263,353047,782609,751,7023,22,78185,47727,18652,12705,28963,17245,103690,357,210262,163611,775405,109742,321,6048,7,11833,76427,836315,301,771,4889,1632,656775,95950,147224,557,1045,220,141823,7043,3285,30422,9287,110520,173636,5677,2553270,2970910,1884842,78955,86995,534307,79424,797993,209485,25576,1028,45486,32582,66914,2300,17865,111864,60872,95642,875790,63811,2297,1109,5902,48804,1812559,194,70,568675,51532,1342678,12785,5,77142,600951,394,483,121000,68002,23887,192689,25,63243,8202,1167000,121446,7324,45391,755841,1136155,787868,202001,31584,7722,1004824,18203,281120,5242,162,1340,452,585,1067,553725,44813,360,16914,51400,369,4801,999793,732246,150850,6423,102290,69863,83800,1279674,1171,44447,6,382,31899,106140,1228533,67,53611,40167,1137000,95417,9160910,67,30126,1162,369838,477900,60,178625,49487,57250,117685,48208,1829,92414,3094,54822,40265,51820,2122,37656,461716,37094,33027,20000,199,9402,92400,347992,11427,12302,107237,5955,20050,69997,35480,2577122,1885,17313,658745,32069,304955,210
